nose_x,nose_y,eye_l_x,eye_l_y,eye_r_x,eye_r_y,shoulder_l_x,shoulder_l_y,shoulder_r_x,shoulder_r_y,label
0.5248357076505616,0.29308678494144075,0.48238442690503464,0.3261514928204013,0.5382923312638332,0.23829315215254096,0.4789606407753696,0.5383717364576455,0.5765262807032524,0.5271280021792982,Good Posture
0.4768291153593769,0.27671351232148717,0.4620981135783017,0.1543359877671101,0.4637541083743484,0.22188562353795135,0.3493584439832788,0.5157123666297637,0.5545987962239394,0.42938481493323544,Good Posture
0.5732824384460777,0.2887111849756732,0.4533764102343962,0.17876259068932715,0.5227808637737409,0.2555461294854933,0.34245032112888485,0.5187849009172836,0.5699680655040598,0.48541531251033615,Good Posture
0.46991466938853016,0.39261390922544687,0.4493251387631033,0.19711445355220497,0.5911272456051595,0.18895781750144888,0.4104431797502378,0.40201649380601123,0.5335906975550785,0.5098430617934562,Good Posture
0.5369233289997706,0.30856841405949853,0.44421758588058796,0.23494481522053556,0.4760739004816287,0.21400778958026456,0.37696806145201067,0.5528561113109458,0.617180914478423,0.4118479922318633,Good Posture
0.5162041984697398,0.28074588597918415,0.4161538999847021,0.2805838144420434,0.6015499761247975,0.29656400595580995,0.3580391238388681,0.4845393812074393,0.6165631715701781,0.548777256356118,Good Posture
0.4760412881077355,0.2907170511668091,0.3946832512996986,0.19018966879596647,0.59062629111971,0.31781200142854116,0.39639949392098334,0.5501766448946012,0.6180818012523817,0.46774401226974377,Good Posture
0.5180697802754207,0.37690182832329844,0.4482086980445024,0.3282321827907003,0.4190127447955128,0.2910951252187612,0.40435235341190856,0.4850496324767066,0.6045880388267751,0.4006215542699554,Good Posture
0.4890164056081244,0.3178556285755873,0.5238947022370758,0.22408648908631762,0.5095753198553407,0.22491214782077318,0.44577010588510374,0.5164375554829842,0.5735119898116481,0.5256633716556678,Good Posture
0.5048538774674021,0.3484322495266444,0.41489734530613237,0.2336168926701116,0.5303945923433921,0.17682425259339407,0.41480601385322885,0.5130527636089944,0.600255672832123,0.48827064333124265,Good Posture
0.42923146289747927,0.278967733861732,0.4328642741736615,0.20988613653891905,0.5419357144166996,0.2702025428407269,0.49430929506052657,0.508728890641592,0.6128775195361382,0.49627770421169165,Good Posture
0.4040614392350479,0.29867430622753915,0.45301151049705135,0.37316210562426433,0.540381951760944,0.2650773671166806,0.39826441151473785,0.44156609811902336,0.657141140725751,0.5375966516343387,Good Posture
0.5395515973521523,0.25453062726026304,0.5201397155468049,0.17990744686038596,0.5793428546900136,0.3595227812904989,0.3504731837434656,0.4716851135198614,0.604982568254382,0.47482621729419006,Good Posture
0.42246682844669337,0.30342814874030133,0.39688481431369477,0.27367962153175907,0.5040287882883099,0.32749672025087695,0.3608373353831882,0.4838969241897162,0.6406758608684835,0.43845678417830225,Good Posture
0.5113729967302064,0.36535713771412137,0.3696258382719386,0.2592316929266152,0.5629941397124212,0.2890911435888655,0.3381524644560959,0.4339771693457862,0.6260970782808448,0.5148492336616594,Good Posture
0.5125246425172938,0.31732241047484877,0.4159987639210755,0.26161268485805017,0.5646536236649341,0.21428242909868161,0.49328872555723785,0.5236916460455894,0.5404348251398675,0.5328276804316915,Good Posture
0.4512659164886339,0.3393542301871226,0.5079297789503702,0.20896588408241448,0.5981688064622162,0.2706390463468249,0.4411030079997245,0.5948396491326974,0.5877305941998564,0.4623131917821255,Good Posture
0.45552427851872385,0.2592094857517281,0.4461449145292948,0.2670575987408322,0.563834539966501,0.2913591624518012,0.4006500945938954,0.5726767038578658,0.5867671583381022,0.6360084583294809,Good Posture
0.5312833673882503,0.25714212217918586,0.3964553750969444,0.27412362076215924,0.5388268607337074,0.2857000247046046,0.42366188122867726,0.49635855436715637,0.5576603140965797,0.42425763876570677,Good Posture
0.47767425239664896,0.34281993971617364,0.4607046872065102,0.1877130610644006,0.5586590462925591,0.26926586898644184,0.35580712818994337,0.5076862552972764,0.6029104359223,0.44285148510846883,Good Posture
0.5178893680174141,0.3280392263184117,0.5041525621587639,0.30269010260174517,0.4811165316021455,0.20310874800424386,0.425751763360433,0.5256892975456104,0.6257523843153023,0.6926365745327361,Good Posture
0.5285445255346584,0.35677828200902995,0.49770008817466016,0.2825695625652899,0.5342365377679827,0.28794846102466337,0.36135873927312145,0.48815906966299955,0.5757318226085448,0.5040937069693161,Good Posture
0.6157329283336754,0.20663674037041257,0.4843130095187257,0.16936420644051742,0.5264034067105283,0.3044475298483683,0.40321400095477317,0.4461127611035347,0.5642348145370015,0.5339798874467337,Good Posture
0.4634816684141432,0.31082292947909873,0.4522785919951907,0.21741998261970913,0.6571972044662664,0.28169595111590057,0.2987428706671197,0.5093227157384714,0.5669106767615806,0.5426216667398112,Good Posture
0.460373963078365,0.294263177926655,0.47524936394902284,0.29328775970850607,0.4899851796472112,0.2332749382079526,0.37625273444195223,0.4673335383713144,0.6882727120140548,0.5202490855480478,Good Posture
0.4369558022832477,0.34589309735273877,0.5561078098506317,0.3016232630275574,0.47403150170229935,0.22578829635668743,0.46334555745933115,0.46461652671906095,0.6221909714073114,0.5387317026714669,Good Posture
0.4536534764210959,0.29702373219691,0.28793663299654637,0.1987806179332855,0.537371592430342,0.18761084090175753,0.4816205651965818,0.42849293110196834,0.5779977756651508,0.5065370288643045,Good Posture
0.5720636644533058,0.22820689244102801,0.508158187607748,0.25051165305097933,0.5009245674476025,0.27310517371316356,0.40995298477867353,0.46998915614206027,0.6034901042495009,0.480734320156912,Good Posture
0.5056758672625624,0.3331065337260523,0.5293008408072676,0.18810922505865754,0.6566516687328134,0.15239561002387492,0.39241074524822084,0.5294158603242288,0.6140495933867516,0.4688650240089703,Good Posture
0.4895938874821362,0.27534995326705836,0.4205317621527894,0.29248010485105125,0.5678507742982524,0.21535452023696727,0.44497999377166253,0.5153649760438305,0.640643105941948,0.5314814420961806,Good Posture
0.4585502494538964,0.2719909479901515,0.4873646802561631,0.28051851327167326,0.5489549203017926,0.2558663691654391,0.4638832447894213,0.4704214305582085,0.6273548690585019,0.48989036737830527,Good Posture
0.489115939838639,0.3549388425993595,0.4912708174494015,0.29067548180003194,0.6152739403577165,0.251050192081638,0.4340976485647482,0.4844866621703272,0.6162083176244221,0.4934928472816158,Good Posture
0.5048497982496359,0.32975785127184565,0.4090889658383264,0.354619363784273,0.49969913092501494,0.1892905693606134,0.4579055436750034,0.5395831346981468,0.6312059908526078,0.531417275463214,Good Posture
0.4993876613576543,0.2551372814257084,0.4537902279096863,0.2161419144243944,0.5987559866708876,0.24264713092489307,0.35872514016037443,0.4839307079173503,0.6206465727137812,0.47181377235980126,Good Posture
0.45888898022167846,0.3121843605745956,0.4622483285554361,0.22465284123144352,0.5264480847190839,0.26160249686788184,0.3275957829251338,0.42962681128117225,0.5640777889373781,0.4893276424144076,Good Posture
0.5155453782799002,0.37376781084747757,0.492882981160101,0.24200307350182865,0.5490491896048656,0.19987353176810957,0.39907434320038054,0.4855670680539931,0.6161359280169044,0.45863845282238386,Good Posture
0.5259673257120586,0.3766369456501289,0.4445619925771571,0.2700855861049471,0.5845071995855556,0.22993897640570818,0.4112046240905209,0.5006296200390897,0.6048838049274415,0.4613495108072267,Good Posture
0.5012255087129471,0.32489991456227246,0.5225571803897521,0.29796354130426034,0.6576591228755779,0.21163262185559753,0.44361603183603393,0.5091671002869176,0.7094901466608836,0.45958508573224244,Good Posture
0.4580139078909612,0.27003036772779887,0.3438052137845097,0.22371224891596195,0.5120433669223151,0.25751968932381036,0.417087798788858,0.5938085419607944,0.6475211919093025,0.47115481721687985,Good Posture
0.4550792664325821,0.3245959585753253,0.3839883396489679,0.3415729382927177,0.6089720060360644,0.22654121739476477,0.31434327354545616,0.5676936187082706,0.5942730077373691,0.561890815598673,Good Posture
0.42027861706028163,0.27003124885231133,0.45026218498590914,0.2523490296882371,0.5274967264260378,0.28114249661737495,0.3466189785308703,0.49288102574893533,0.606014781585595,0.5257219417029374,Good Posture
0.5355807439044444,0.24376789540810653,0.3732942914632189,0.31388384109492545,0.5666157005989796,0.21257567317217232,0.4775575987761262,0.505783731714643,0.6589648592031913,0.5033759240705055,Good Posture
0.6030373962440994,0.38776704212216023,0.4375517925760463,0.2985785475477178,0.5822687974792574,0.31843157787661747,0.3517538269709948,0.534302572999922,0.6529212243424793,0.4120630256788443,Good Posture
0.44083707436671127,0.19803839111199495,0.4365296582777721,0.2858771127897981,0.6251178526048015,0.2537047390209888,0.48143077727856465,0.4309949270892554,0.5148308780322423,0.49722261505516907,Good Posture
0.5192032724469654,0.29836526259529533,0.34662789499800617,0.24554399802436058,0.4847765249747574,0.2834836274415019,0.41832991230484246,0.4530060106836322,0.5743066541331653,0.4470393239055524,Good Posture
0.4968660451363414,0.3477571160250619,0.40071369768322285,0.2752023257758922,0.523487119081378,0.2103563583868828,0.39464848200227215,0.4482378838790313,0.5723175347326409,0.44010610537055755,Good Posture
0.5982362566458195,0.3017631775985864,0.4150137246003707,0.2606989955367111,0.5443835975154585,0.23895152002333886,0.43070833500217126,0.5378753855023652,0.5734749426194736,0.471209087967766,Good Posture
0.4862474151424178,0.18490394176322072,0.3742404468900724,0.3183437133722262,0.6322483856750643,0.23754819802218108,0.42882784815278835,0.5155625077271768,0.7539440404227619,0.5559787455717289,Good Posture
0.4936041204259617,0.2522229779699787,0.36967768398712136,0.26017318179336113,0.5121824627357848,0.1788873145201163,0.3676713557878737,0.44592259981928023,0.6843570817536282,0.5440819878474725,Good Posture
0.49960136793416915,0.3739972069445013,0.45386841538238093,0.2069357899335868,0.6261562038634829,0.2769455021842329,0.3481376922836772,0.4904830660958196,0.5562190873307621,0.4308600134517832,Good Posture
0.5463088773765821,0.3954708320235065,0.38007162130904293,0.27814846183452857,0.5174678715439087,0.2256437308117652,0.3703803037880566,0.45680046151600917,0.6024260813972413,0.4584524941794481,Good Posture
0.513522841288992,0.29748809452754316,0.43805259765667953,0.2046218168979201,0.5211614334715834,0.28776956129128783,0.4250458593812191,0.45112223776007243,0.6049666152714612,0.5375693561685895,Good Posture
0.4165297359439314,0.3271680096189967,0.41686881205270765,0.278529933429658,0.5118370421728742,0.15975589496677406,0.3186228781058419,0.5024042473330691,0.6129861250860741,0.45478416874477956,Good Posture
0.5319296229388687,0.216923996886552,0.4466960100676342,0.18944919001187716,0.5174081946098921,0.2523699335658207,0.35697933173580243,0.48077222278850873,0.650314640460722,0.4711554065238426,Good Posture
0.5417846056032571,0.24351465726711907,0.47649020889576416,0.322078431032895,0.4264177749936356,0.21015523722647617,0.42885360635902703,0.48984773069785037,0.6185572936685654,0.46980074066420896,Good Posture
0.504329489373645,0.292216138230396,0.5083891030829903,0.26272104216506065,0.5668801331037602,0.22940615169387663,0.37561968879637536,0.478372090609019,0.6197226071189148,0.47895077595898683,Good Posture
0.5144887428448206,0.40377003993227195,0.49355623517158465,0.23369882339160794,0.6100606961081972,0.22959623134892243,0.2980937732411073,0.4495956844541298,0.5064604039487072,0.4824243257979346,Good Posture
0.5009209189594775,0.38382186561376413,0.46634636868820817,0.23904497355955678,0.5914702790591745,0.13944323454960572,0.4117807279054283,0.5385432596943484,0.526070687711008,0.5571877021603464,Good Posture
0.5169248203747208,0.2792356043049599,0.48163909330531424,0.3635346428902198,0.5590933127529248,0.2624110293150168,0.3770319550229878,0.4575077815267604,0.6415167908272122,0.4571958087045566,Good Posture
0.5035783118609696,0.2761171276617442,0.4739489912873196,0.2666831052643474,0.601876997212895,0.22449918005726266,0.38650625323533144,0.45106181421088465,0.5777853369961944,0.5188650246522426,Good Posture
0.5378494308322675,0.25389173379111873,0.49348029600528304,0.31778189294024756,0.5706717451611851,0.3438397906279033,0.3613105400448214,0.4377672648344291,0.511063987554786,0.5748022155744592,Good Posture
0.5327182828177028,0.29722076645447726,0.463998431315991,0.19372554763508118,0.6722875989808413,0.2564610590987614,0.4054697397302447,0.5362883311949346,0.6240504615868356,0.5111942012139565,Good Posture
0.46047627722773443,0.32357341785679977,0.5441012248237517,0.3172710023077489,0.6296593313319699,0.22443921617844073,0.350519758987071,0.49371065399501757,0.6027862456144347,0.5547095759235474,Good Posture
0.41537676851425903,0.3764775159730307,0.44209960507105056,0.228655946502629,0.49939478123699166,0.1672571664067115,0.44115852919809573,0.5036658983594202,0.5355019550129473,0.4352460613968192,Good Posture
0.4832107650354936,0.3834510762644696,0.43702043243181976,0.1748428523440947,0.5377128467957029,0.23636382151261648,0.26515566785292144,0.4972852566741094,0.5884532734895661,0.5348103182406709,Good Posture
0.5924478047472672,0.3563282514773879,0.4365555654722585,0.1946737045629165,0.678667990162493,0.25296092170072443,0.40069646459564734,0.49879374564449985,0.6099042380383928,0.49278197940380286,Good Posture
0.47131689965598816,0.27265705293798037,0.4483623364892001,0.22282876144331176,0.5143577108661418,0.25532151138459486,0.38725113912895726,0.5751996494291345,0.46745150958034937,0.5545753425961231,Good Posture
0.5623042596248815,0.1963304883795925,0.4328656202959826,0.23142795670021044,0.479624415264109,0.21110916562045623,0.3444712077267086,0.5876135221711811,0.646783919657373,0.563577754749708,Good Posture
0.5360836032021618,0.24354741143913852,0.42377398668601135,0.2744687280613959,0.4888936095554028,0.2856499215086194,0.38798373009209325,0.48125895962252013,0.6355479984101745,0.522213165574302,Good Posture
0.481951691709046,0.3579664901682124,0.39594683362000516,0.28079678034721317,0.5796550628984193,0.2345226780343005,0.4163066511121059,0.43744432118073484,0.646201350960345,0.49075489317785054,Good Posture
0.47386384897404804,0.35245046129184443,0.41478281547286205,0.179576935181822,0.47216854132380487,0.280300497567282,0.3359785323751859,0.5877397090992182,0.49590352960581385,0.5848228184145019,Good Posture
0.5105508733601309,0.2951643444064804,0.42275404565955255,0.26995680571760355,0.5481182648787576,0.3051650941008261,0.405711382433102,0.5075150880730939,0.5818193893893072,0.4971527188139466,Good Posture
0.515390088444603,0.2144915803671687,0.38259072889471435,0.28716320470113577,0.5585432719063972,0.24080083318236603,0.40092169665326965,0.5173790852680835,0.5730120159845319,0.4610847637298844,Good Posture
0.5097922627548841,0.2510813611192484,0.4704126377857236,0.16487081978810797,0.6014577818662822,0.27362987412065215,0.41280148671569383,0.5491345491972757,0.6832737222231289,0.5507185032509065,Good Posture
0.40795628843341775,0.2360211516632149,0.41875907111521604,0.2513045525105417,0.5758829510234562,0.21371280934232673,0.40933833822385396,0.4622308533823339,0.5694241098504026,0.42966694515758885,Good Posture
0.4538383376944548,0.23241576971918332,0.40120633735113337,0.30268208983039196,0.5025300555584029,0.38161910324186954,0.4246658950440445,0.5092418061847437,0.5570821109909393,0.5350154939704496,Good Posture
0.4712181086881113,0.3061004907322681,0.5780042269134398,0.2451970050137675,0.6074636663142838,0.21484117874370562,0.3982505754751519,0.5885400317817755,0.5686516471106116,0.5906224278998464,Good Posture
0.5353875967727738,0.2718766612052866,0.48162038695277604,0.2986277224813365,0.5810904981108599,0.1714887640054772,0.36364314120875657,0.48762406822242477,0.5962783285449976,0.5310336048775339,Good Posture
0.5088850500466627,0.23323278206449494,0.4690098925502982,0.28052928726419113,0.577989522396552,0.3040390362777311,0.4416961077274452,0.5229590039614218,0.5964917144270676,0.41695195332420043,Good Posture
0.5214809109566293,0.3103843843581555,0.46357894185976867,0.18616257120898452,0.4959471729795869,0.3026576426666452,0.39802224230716726,0.5340750348686312,0.601415918806523,0.5014878069747872,Good Posture
0.5469141902987998,0.2741977635891313,0.4548060388470492,0.22688623556474788,0.5282751886283843,0.23454139382656802,0.41110668858168564,0.47606256891682613,0.6627878062786761,0.45526963488902483,Good Posture
0.49065641779193203,0.2780134470862912,0.5223488942176866,0.25982773882557875,0.6015922269734317,0.1757219813481514,0.41335251329346295,0.5444815397811719,0.6041141994637712,0.5532740187532675,Good Posture
0.47413557749498136,0.370467372009279,0.5649449061809625,0.23185807197801706,0.5277248739299615,0.32266922385588503,0.47897860728653563,0.4738569986423366,0.5789906591452071,0.48591076955697465,Good Posture
0.4327774744482861,0.2540674026757901,0.39979296166239664,0.21161012174479357,0.5482657556306609,0.26171073662682603,0.4775250246407039,0.45008229796306043,0.6492161199238292,0.48930055778872455,Good Posture
0.49752681451737835,0.3337409746083302,0.39386389892188506,0.2691204873092025,0.5583226104106529,0.27462256320040745,0.4144584321953909,0.6227650069955447,0.5681130007874342,0.4734501522499091,Good Posture
0.46884297367876177,0.27222614404198725,0.4181306436346741,0.3094508265553776,0.6210252123994928,0.2214626853125262,0.3583822213447886,0.5235707778193202,0.5723888477859514,0.5316465908877755,Good Posture
0.510146151042565,0.2242127942501384,0.5273752600665031,0.3397938836547761,0.5193605654757807,0.2306149220032008,0.4142932695362453,0.5167228394993513,0.6329272136336415,0.6005102269383175,Good Posture
0.4911526386252975,0.2600851377730773,0.38103403859927365,0.21345349800290403,0.5483436513563101,0.33972789317588936,0.37411943504819145,0.5111893975819449,0.5991788551963624,0.5594196636724043,Good Posture
0.6263466212936811,0.27345656135398394,0.4255280278740889,0.3022080438534536,0.5840945744813156,0.34233536628680167,0.4291964092662982,0.482035395460647,0.6295327415346155,0.5554351790291454,Good Posture
0.5410241090598682,0.32536370155536487,0.5033337344794577,0.3084647795222836,0.6191079495518764,0.2824354943794821,0.3916440959841573,0.5073356843216661,0.6603254483254178,0.4591532164506382,Good Posture
0.5184336654436451,0.28033305938363196,0.4514372411467409,0.31392259313036497,0.5595549534009953,0.25232182740780745,0.33200719295100406,0.5373126783013611,0.6322742090570538,0.608162736165273,Good Posture
0.48461108825234994,0.31095751638319696,0.4624691841855378,0.3288726639881737,0.5452352233806524,0.26395107628851694,0.43039482548582697,0.5093304561578179,0.5776783192724736,0.5097044996449154,Good Posture
0.5536815874929886,0.24867423502944697,0.4566484837073438,0.21499395925304132,0.6097523314462422,0.17384065476081126,0.3720539076364206,0.518860593753226,0.678276201461717,0.4967124869463506,Good Posture
0.47224002366534007,0.3940578534720295,0.3775993049791878,0.14005970216899588,0.5720007225026666,0.22489728878236945,0.3489383591434644,0.5354178223649677,0.6121900356885599,0.4717960684631636,Good Posture
0.43598478006645525,0.34362286641400724,0.4825100588979331,0.24504120681103086,0.6423318498023833,0.19649576168369237,0.3237237414537631,0.4654045965059378,0.597720699182225,0.5121669724661346,Good Posture
0.4879381971071835,0.31760276982571484,0.3874230287904778,0.322188230203663,0.5458924410803716,0.3058647915794064,0.4171362673188852,0.5228376609576892,0.6284883640116101,0.5223854280008657,Good Posture
0.5321361379933772,0.36645762650662156,0.4598260584850735,0.2854501878794256,0.5455132152856387,0.3220058607724736,0.3661803848970365,0.5900470216455408,0.5979921024677828,0.4284612448940976,Good Posture
0.5064052207455395,0.26594741712625597,0.4920321774494362,0.21736880103488046,0.5276908283392611,0.15552296345272343,0.3773846840375462,0.37880603366855214,0.5208048588257138,0.5380207328072149,Good Posture
0.5392900079325416,0.3212728780892482,0.40165119284353934,0.247614432192901,0.5498198730454716,0.19208176554037287,0.47516991508835754,0.5438681145287836,0.5889517913085168,0.5013442919497265,Good Posture
0.5104191403973777,0.19791325657878545,0.43764113087397016,0.21590078760011006,0.49991899950525426,0.23594498535570224,0.48988432634247614,0.5320421430633505,0.5714410505108601,0.528629139067808,Good Posture
0.5699677718293001,0.49623168414563845,0.4529815184960087,0.36765316111472135,0.5849111656806796,0.41967426927108753,0.3947596610013866,0.6817585900840984,0.7024776357659668,0.6232382394219717,Slouching
0.5658697032817163,0.45987998023462,0.5537630436312633,0.3655406090955216,0.6367981901582626,0.40989553917313243,0.3174290998192776,0.625805708297284,0.633982634590284,0.6712082973200958,Slouching
0.526141774401775,0.4213149998030711,0.44878227038695084,0.5071135179305932,0.6363771585050356,0.42181618348370165,0.35190017390841,0.6560015663359131,0.6806758986365209,0.5988603717400798,Slouching
0.48713117312883275,0.36657079630612055,0.46996115613026396,0.43235979698513705,0.5258406768850313,0.47869933816450166,0.2887117168498829,0.576781255989509,0.6612225909279986,0.7023549151306078,Slouching
0.5841963845728935,0.427055786856553,0.5039340416715647,0.39807457652496464,0.5413686350029591,0.44418299687433366,0.38261614392067095,0.5711803921507875,0.7238270174862949,0.7190045677073726,Slouching
0.4687218649245235,0.46979017667187045,0.47470150931413696,0.41303368829119536,0.522484742307729,0.36641883160309746,0.34872229645042774,0.7086364509629682,0.6771800077297216,0.6314692833956947,Slouching
0.5385849355324173,0.3075728689684962,0.5074382850186052,0.313014311061095,0.5318779529298434,0.3440165052686928,0.2852659262139547,0.708041339368926,0.6266149399344054,0.6673251940865358,Slouching
0.4976539710560408,0.4738520413611561,0.4538410945530128,0.33585038879057155,0.5998133409723571,0.3753121708419344,0.2721709050670124,0.6285942419517044,0.7250379895317156,0.6925110871056747,Slouching
0.482567393279607,0.4325371147840786,0.4339182474391309,0.503837399178042,0.5690967726115778,0.4215020823595535,0.40151417270159206,0.6619394579513257,0.6370478927089649,0.6401825075457511,Slouching
0.4964199370292968,0.4481388881745079,0.486381477181849,0.402597294290365,0.586632003860779,0.39596417099457093,0.3539317595158045,0.5500899657733946,0.6958163837351241,0.6673244237948996,Slouching
0.5499005054929826,0.30518723109031554,0.5544187352390364,0.39302051859224135,0.6054091408368759,0.3480047036437235,0.38063869525312843,0.5973292218413172,0.6188115519652098,0.7457015676933394,Slouching
0.49046587996183266,0.46087164365898614,0.4935033865344377,0.42478409439863024,0.5575209452571789,0.4182480501233113,0.47017077926191375,0.6471190601483208,0.6600549523357484,0.7025327198003806,Slouching
0.5552762966478992,0.509351515278019,0.48193651110145924,0.34284975436347587,0.6316715766150549,0.3426827303490656,0.3651317732619516,0.6122862074990321,0.6467930826703504,0.666438120515174,Slouching
0.5160678607725137,0.4710960377117642,0.5306855634529324,0.42267671507569904,0.5377921682354676,0.44820435841441786,0.40947352444623203,0.5886196092431504,0.6798700034924929,0.6850586371155449,Slouching
0.4851218248320004,0.518785340665581,0.44249722064837366,0.4062788226735771,0.5413464087858065,0.4007789523790734,0.2951862456552399,0.5779974558702853,0.7297252531612486,0.6076519325840837,Slouching
0.45043038252718465,0.34233049431981427,0.4180519126155249,0.3338455103296251,0.6321007580068185,0.4504908544671317,0.3155924827411138,0.7626217902672154,0.6990882743495798,0.633758430824569,Slouching
0.37502971425632137,0.5645471286295372,0.3805213766618202,0.3177300626521554,0.601128521600482,0.5219876203169637,0.4192136409255259,0.678195456002618,0.6797377170832644,0.6926707779390154,Slouching
0.5379464294893382,0.4640595711984688,0.45521005519759383,0.3968703436050239,0.5123017705566663,0.3859662461566613,0.2653521592902307,0.6450830186602625,0.6005704446424541,0.5948205341392114,Slouching
0.508994707557674,0.51960011431723,0.49591583030011566,0.32147496981884116,0.5005185931714832,0.44703855939941084,0.3008756303230845,0.6387683425001488,0.6775026049512276,0.6015827772568183,Slouching
0.505268775307298,0.3832987252540898,0.4199316178024393,0.41598909670712686,0.4703503133234166,0.42202373689802,0.3490181100536659,0.6776244977208574,0.6611957067032331,0.7182070214986922,Slouching
0.5062612251323954,0.42852972294373737,0.4561148751516142,0.4271649014518194,0.5524430035162853,0.40202958456019416,0.3149004156096622,0.6168549541224526,0.5798697364100154,0.737478837159347,Slouching
0.43780683823043576,0.4153547401102046,0.41407963672154013,0.4447462188472221,0.5352525160853987,0.46238710363368674,0.31632546878780654,0.6639497081111901,0.6082326473370121,0.7572574563886695,Slouching
0.44062007904852435,0.4654910355113514,0.48168884404660495,0.42068995487257493,0.5407356170561146,0.3935089650133287,0.35219057359895545,0.6426498999185756,0.6981939558397455,0.7605261500795676,Slouching
0.47212541074960834,0.3815098510210461,0.4455858975824373,0.528985466882716,0.5098162716015135,0.4819558402722034,0.433885040703822,0.6223205879146003,0.6784491539592638,0.731419831156427,Slouching
0.48104361295062564,0.4398209819948819,0.42091595430256784,0.34926216346535666,0.5175361227466997,0.3388029866618872,0.3517041734129613,0.6115013384470679,0.6616892955895374,0.5722052176898187,Slouching
0.5165440116107228,0.49167644808044625,0.3503132178714272,0.4187028284923786,0.6113834496236646,0.33951794906543975,0.4336286193418851,0.6709509504683023,0.6147494072120796,0.6472115461171147,Slouching
0.5279163456260861,0.4538002695706206,0.47693779962231847,0.3539663203460317,0.5584680412018039,0.329314275154751,0.34443869693256496,0.6048046179267605,0.6132235028705117,0.7118046587605219,Slouching
0.5545655060297134,0.48045690604535884,0.39538436176637104,0.38417957751525994,0.6106548849989593,0.40708584568199524,0.46596647699908467,0.6696658919697186,0.6596024558245016,0.634544176789875,Slouching
0.5066770452391142,0.4423765081809728,0.4854054338344295,0.44783511583972924,0.5107005269746026,0.3334383523221111,0.25818973134483514,0.6753995663456273,0.5948316696913063,0.5423554703523759,Slouching
0.5194289302265482,0.5746499758716396,0.4496964544230053,0.44192453872258214,0.5540914679273783,0.39505551734044286,0.3959538241493884,0.6354862727905675,0.6633696157035952,0.6660848903098007,Slouching
0.46659547731784756,0.49960211747682615,0.4412520121652296,0.3622127420253578,0.5768254921785202,0.3550766009104481,0.3514090578684564,0.6495440501677898,0.7042947782915789,0.6737349116439977,Slouching
0.4987486520627428,0.4908883149600144,0.5195103774508657,0.42789051531759315,0.5505176309921691,0.33440818838249203,0.29674431684623137,0.6347387647822667,0.6195243898920358,0.6406514348507277,Slouching
0.5028324962448554,0.47648463771783656,0.44647506109704543,0.4243250821913101,0.5532237207405061,0.30122667168230643,0.30303323030906226,0.6427956222139193,0.5895152628579446,0.6799964364998102,Slouching
0.5765375416171848,0.5109380925848659,0.4393278564534896,0.47453630684249765,0.5574333728601056,0.38314570144409804,0.319329866822953,0.6348765156755936,0.6305911590729386,0.6585208111187744,Slouching
0.5080286990524933,0.45015230100767073,0.47184690848731753,0.4595323137393171,0.5974777067720662,0.32575510157750487,0.22230394325490224,0.6967159955619637,0.581656065079229,0.6387617299053658,Slouching
0.441494348697032,0.359900978120999,0.4770731364102394,0.43795775801513237,0.5211744799636641,0.27044788539275455,0.3226877775873758,0.6695902002701274,0.5760544215612936,0.6591679959889578,Slouching
0.49923450754135024,0.4789645749800544,0.45597901842070765,0.35134655295592226,0.6098285750832246,0.39207352134865153,0.3486347730245034,0.6033366020463402,0.6278358874404245,0.605759864298655,Slouching
0.49135269700382883,0.5355854240071172,0.3814049428534322,0.31932193010616294,0.6235585163746805,0.38953381614240673,0.3165463630670041,0.7019952343698038,0.6197192230131569,0.7413004856773469,Slouching
0.5338962935669634,0.4256044295927149,0.5578654106632752,0.3697142538498331,0.5871047686004653,0.4149646290203246,0.41508706446993987,0.7280755598363426,0.6516002074532884,0.6123291064826908,Slouching
0.5229986071469558,0.4161142315123947,0.5506693623763311,0.4068267665541369,0.5317339224343947,0.40923401529324543,0.28264368552351515,0.6014192980744675,0.7100206953972212,0.6171552860514302,Slouching
0.447654450865903,0.4768326376263643,0.5092852077331499,0.43594766553325337,0.5998023842902909,0.362160245571527,0.2789094666629078,0.7250666825977744,0.6338660080578933,0.6374583491772476,Slouching
0.5664097070924529,0.477811500470033,0.4727943886040804,0.5082501172450542,0.5178240884809929,0.4463920064040619,0.3528506562448542,0.6634296139431629,0.7264234213206266,0.6753917878144812,Slouching
0.5269148039524817,0.5036253668654901,0.43175236352285573,0.35803951663304967,0.49775954029894837,0.30168217053119994,0.45281035649701606,0.5948395817139158,0.6389373188207115,0.636159335005554,Slouching
0.515370334890455,0.49078686062696486,0.4930236744179873,0.3708461280715531,0.5416439143106795,0.414128997524415,0.33756544369082264,0.7303672788009996,0.6745487475819126,0.6867438893024909,Slouching
0.5331440634333706,0.5086736928742662,0.45905107793518535,0.3351584026022077,0.5699843975876321,0.36743215531040857,0.3235691659125121,0.6793182009377546,0.7119141535716818,0.6510635788368031,Slouching
0.5154416506299482,0.5351107472317619,0.46203765897442844,0.5300841557090198,0.5782754822815772,0.3119618620422091,0.3876670810552266,0.6690579192441389,0.7144876377041373,0.6836590675634979,Slouching
0.4930772008008113,0.3887850881855317,0.43954883713569876,0.357473977289535,0.520973827509764,0.4294289202210305,0.4334952252175703,0.6697335764911491,0.5902058468982408,0.672230133411007,Slouching
0.5598315743322826,0.4195108547840309,0.44329914166635415,0.40073440973645985,0.510755084345888,0.43241402169219295,0.3439525925696109,0.6709766221953514,0.605625391109895,0.6281270849838295,Slouching
0.5361190678913885,0.43135834239541165,0.5363481925616702,0.3800181907192699,0.5612342362875944,0.44662954159365453,0.2790817133533484,0.5619595594009612,0.5737171842714953,0.7131292051713591,Slouching
0.4724070927053777,0.5779099642834127,0.42178762006713055,0.40922756515985187,0.6271054976283938,0.5003046444079562,0.45307517883181986,0.7104183115296572,0.7012031262905731,0.6796263474600592,Slouching
0.5389180538083319,0.4224407141835733,0.40909005582888464,0.39983127712945243,0.5414907688737536,0.37733859753363624,0.38481937237283576,0.6977652604285256,0.6544203443145924,0.7238765040527632,Slouching
0.44291554429332475,0.4403170270360141,0.4141588839698598,0.306673169146347,0.545865965707865,0.39391262458083587,0.42567248716210654,0.6815405842277389,0.5987906587835398,0.7427046283167095,Slouching
0.5610516847762677,0.4791048851734308,0.4386757950575084,0.35202803816382605,0.5313896611964474,0.45443743098520933,0.44422931529673043,0.7271621764136095,0.6255575289106863,0.5940191283355495,Slouching
0.5070443123455602,0.36157803172185743,0.46615838570923906,0.3926198706850666,0.5266981749065879,0.3202648466366602,0.3756800053284858,0.6233649580169045,0.5915041582144857,0.5063868893359176,Slouching
0.4986242547474682,0.5386125798334872,0.5330629607273936,0.37714518717068646,0.5198893969819111,0.4234387128037512,0.3000807280405854,0.6650895949909733,0.6883040139192346,0.7113466611942154,Slouching
0.4949922961760024,0.4398163124911517,0.40610087066217193,0.358655982298007,0.5386760554049237,0.41836827534080895,0.39567923131166244,0.6098410524659827,0.7246344284479761,0.6364438199478716,Slouching
0.49893163528257817,0.41263941604260884,0.3287879869863529,0.4442022698180525,0.5868421948546217,0.3859336221440893,0.35334953586124357,0.675796960885205,0.5718727071556728,0.6235473661326852,Slouching
0.5397132339810914,0.38728552884153755,0.4646778966083315,0.3321709097688298,0.5733214991216764,0.39821792588512583,0.2692434092047245,0.7082369677228586,0.6132704211600976,0.609487378149281,Slouching
0.5100284598615471,0.5074318674714358,0.39920890905108014,0.4030839924923986,0.5714408250165287,0.4346552803631572,0.3588220777638612,0.6316486080458339,0.608620488967564,0.6543071941523187,Slouching
0.44639304940071967,0.3039324758252696,0.4718279902078834,0.4451967420543098,0.43185337822290815,0.3495134647645031,0.3809577130502599,0.752874773485585,0.6510396853837704,0.6135998529385434,Slouching
0.49085517794475797,0.5187438209574092,0.41770179104377325,0.36004039966748735,0.5258628238908984,0.3523335695870644,0.35613351579973973,0.7312339229234781,0.6661539636558015,0.6373823248936856,Slouching
0.4854094365542228,0.37184045956516715,0.49415548885735794,0.3961081401493599,0.5409760043204688,0.5596553783922431,0.3649376454182843,0.6124104474952408,0.6286821201897228,0.7074222854598378,Slouching
0.5056635205268882,0.37808610108413165,0.4959614467287602,0.3665927957230503,0.6436648888108774,0.45400240328573244,0.3276339052170624,0.7140508180867556,0.6533927755263702,0.692638683756111,Slouching
0.5242366408647238,0.40768216725045636,0.41782250838412693,0.4514980408790581,0.533261233394673,0.3798175768379002,0.3022438710325323,0.6711799532796731,0.7531262459621573,0.5966233542872864,Slouching
0.5012109728336379,0.5206110277707715,0.44601793043771426,0.42261858981248673,0.49688032359265605,0.42141535486038245,0.34064278674977255,0.6992864997839932,0.7093693025782376,0.7794781821009307,Slouching
0.5289816586606788,0.46628981582910833,0.4597192150788668,0.3823416853594656,0.5669241921730847,0.3852299294930486,0.3584230488134807,0.715879876780398,0.599672871736018,0.7069939280564523,Slouching
0.5658557533669932,0.4440965736504461,0.34390725504957026,0.3696089006452784,0.6148497273280555,0.3988565968850559,0.30003488838525444,0.6247612539385892,0.6920310013252277,0.677336678410069,Slouching
0.4880533950415153,0.4316587794092656,0.43041209254780893,0.3538794907750749,0.6307687844734722,0.383883976539433,0.4108579260412748,0.7260658025961226,0.699915544907398,0.6284189843640976,Slouching
0.5201865045168305,0.4487902196804542,0.4048149069634936,0.4162179640860802,0.4910480104420099,0.45938396942307824,0.3267691351350803,0.660057982793642,0.6641643935773072,0.6370547513147962,Slouching
0.5293346900737638,0.4262548171688738,0.4935648648728622,0.3327010159876626,0.5563189789773206,0.49694644995291426,0.29998343376972125,0.6161127514737574,0.6756953924829457,0.6589790890969799,Slouching
0.517531504963678,0.4744593565073832,0.4817360734280885,0.4554849920978112,0.5704909328464257,0.3879371172690729,0.38362868506013653,0.7449940967447608,0.6433683126808714,0.6012735347664679,Slouching
0.5553540334643486,0.4439809418023201,0.3413665226992982,0.4423710838575211,0.5232335907023039,0.395473335884792,0.3665990165284507,0.6595249839889533,0.685472590856952,0.6282256814715078,Slouching
0.5256552899088042,0.43702266612080415,0.48694052404437516,0.43076837420065267,0.5032280648977703,0.45429910580875166,0.32320182774429757,0.6904028899140573,0.6683643656700671,0.7419091838397561,Slouching
0.4888267008814074,0.43253416019409013,0.4490290197056134,0.38484101085828626,0.5899970950971025,0.3191844695781706,0.29731587904268225,0.5966098539210404,0.6975153795986788,0.7355306686290963,Slouching
0.49477753907312644,0.4415589138404995,0.45350260815565907,0.45809391513040953,0.5036323432904714,0.41191844913673925,0.39875988148912145,0.6750547084969922,0.6594790808299372,0.7000523046283571,Slouching
0.3648383853500381,0.4838937659765454,0.4172962158436288,0.3084683551571772,0.5755601299762491,0.4686829272581479,0.3431275742686154,0.697643727360147,0.7306139128994323,0.7157457226792023,Slouching
0.5819982264685697,0.4871063745535946,0.45377168194507966,0.3199017094051416,0.5376968755935027,0.35783767023419044,0.45854713587489065,0.6412057093783832,0.6561602403392243,0.6775742688020234,Slouching
0.5021801223186226,0.5347525520215377,0.4188675319132774,0.40973037276186214,0.5128764707150977,0.3339988744389647,0.3194115454547357,0.6481481601475794,0.628534888774137,0.6153789510063072,Slouching
0.42968412681640833,0.4458447213685653,0.3747639812984499,0.4380027981844802,0.5541219876467252,0.3271224250267535,0.3345395461475068,0.6123921797204709,0.665958725520959,0.7170225223011573,Slouching
0.40624137651771275,0.45575130395737085,0.441993360221668,0.43356700382252333,0.5606598314118845,0.3624015334130591,0.3340473032166691,0.6101987071598256,0.7038003569299299,0.6510655824335971,Slouching
0.5950595342876503,0.446966959309269,0.41457966165447685,0.32431428036935867,0.4598430161872028,0.3207932028497255,0.36335633255057415,0.6754362511614967,0.5709404648983933,0.6947519157038058,Slouching
0.475846947415828,0.4573396505992775,0.5306110314127712,0.4448419657932766,0.5365734676047085,0.35544038872923567,0.24240922993353473,0.614042334037879,0.6394434880586153,0.6006410236424409,Slouching
0.49343715164538476,0.4538425941479384,0.4387572009095961,0.367499870958827,0.5584327335983365,0.42209703247847047,0.29548004612785767,0.7205466189873135,0.645070593385787,0.6509424811472424,Slouching
0.5354107211628278,0.4616608065631751,0.49765683169566227,0.41435620826009123,0.5193781312679782,0.4180751762603051,0.29281368963396687,0.6554279852888262,0.648338500467777,0.639594157136373,Slouching
0.49357312442805346,0.35590754772511807,0.4225637546129519,0.40464224505705576,0.55799281959987,0.3486162429537021,0.413285392043235,0.606691257589275,0.6984728600263369,0.6713597180935843,Slouching
0.46768863450780984,0.5387655446304757,0.390318158412176,0.4459577086805001,0.6000291159021489,0.3664689895461678,0.41962326500321645,0.6374976742700524,0.6644346814639929,0.663016091938561,Slouching
0.4932845629264726,0.4905404136579891,0.4896744360276107,0.312573401338091,0.6152170121439077,0.3168754005982163,0.40162731021708287,0.7063352568413792,0.5954516784892401,0.6294592856022708,Slouching
0.4447147665757032,0.43925394848556326,0.43459828579071297,0.438983026613467,0.6155154373059805,0.4697841905394978,0.32189159867108486,0.6395389063127737,0.5658280903889525,0.6097064966751906,Slouching
0.5482425816548728,0.5307791411774117,0.3882825564060039,0.3703767870423553,0.5486797121520537,0.4140080579409804,0.30951982400391764,0.6712030522232045,0.6263080326464542,0.649277386456086,Slouching
0.527314212400185,0.4503211134905469,0.4281807054736716,0.3945195098037085,0.5455818520397333,0.3814994485058936,0.33706019686664485,0.7299323585252359,0.678045972397062,0.635225984098542,Slouching
0.5348477202255368,0.4333090255121995,0.5086562318793321,0.41848210960990473,0.5446348927997886,0.4223858462905139,0.27145619239657504,0.5936616265545097,0.5903037496800473,0.6571471547381854,Slouching
0.5866257499742547,0.5615650073096317,0.4819025550720379,0.4250422237472229,0.4599471132923631,0.37286631001329895,0.31061081240458804,0.6189576200874443,0.6415928090707606,0.6263954711151436,Slouching
0.4010350094812106,0.4873955128058767,0.3963628487130097,0.4119623432055575,0.6537041334874987,0.3540307704206789,0.22348562386268347,0.6356997889059944,0.7050479817499286,0.7479173727110298,Slouching
0.43852252027737915,0.4748349611618261,0.4267344771609973,0.3947025822847932,0.6822171673508518,0.32485148358024235,0.36268698307472863,0.6733846585882717,0.7042893162469673,0.6548991576735448,Slouching
0.5154025269752052,0.4304175716289105,0.46345634706225536,0.3828403862251295,0.5810785944928026,0.3815194831978183,0.3688550196951093,0.6485368593157511,0.7063025125386084,0.6474303138205757,Slouching
0.41134837658965595,0.5130960750356997,0.40471338495686904,0.367311683067559,0.5202169352978254,0.4687219046585409,0.2432162893010652,0.8068874266829997,0.7028028404533027,0.661161945706458,Slouching
0.49725529996918566,0.46427770374288285,0.4760561214189669,0.4322607792975029,0.5777802233001724,0.4044790340627625,0.3401330789846337,0.6424363358173244,0.640254585982366,0.7066885048433532,Slouching
0.5296778361140431,0.302980568266786,0.48279503882648805,0.4097368097359388,0.5490645621777052,0.3805740773455557,0.40620563599930065,0.697376323106143,0.6113561166088196,0.6703526143562267,Slouching
0.4514171632729357,0.3810190917605535,0.41866413877050174,0.44311967361913795,0.5976562522688044,0.4256542710048647,0.3862547893423998,0.675808914355748,0.6179259202388524,0.6715961272336971,Slouching
0.5400204762613842,0.48771456649067874,0.5094456685737322,0.4354151923600532,0.5675724103770792,0.4535075119158214,0.34867393703754695,0.6059062674386141,0.6418466518028119,0.6127548677596776,Slouching
0.09872325875384279,0.7783221993926723,0.031137011850005808,0.703805770554144,-0.03404220004306785,0.7819940561059407,0.10018082130433364,0.7774367053397715,0.39888685026486076,1.0406355206439837,Not At Desk
-0.0411339796553461,0.6855912832150679,0.03462864753190527,0.6090145348336703,0.37442122628976227,0.7209260791840795,0.06032277380340839,0.599420645338987,0.39531270453138395,0.7141112407719792,Not At Desk
0.20898989453994926,0.8416065406937288,0.35409878937579764,0.5536769401321332,-0.2029268233731238,0.7775774317130543,0.37007667722662807,1.0858419529409156,0.33144891229119383,0.8262545721551929,Not At Desk
0.3210683894955966,0.6539680700443298,0.22145366540343286,0.825820523874994,0.409031486124832,1.1639490058366617,0.15886239507681504,0.8236554561438753,0.2961638531712008,0.6346386142666323,Not At Desk
0.09579303033664129,0.7386076342830344,0.07138674030981113,0.7728532308050583,0.12663701014266993,0.9181546000986707,0.10003105973772956,0.8986049518292079,0.2508157925230623,0.9232786025788469,Not At Desk
0.3237647397001452,0.6699304676433651,0.051282526638711495,0.7044410956835003,0.04811936147901777,0.6271113210417754,0.028566868968301157,1.031158377106909,0.33938419935028874,0.9290384867051317,Not At Desk
0.3276346943251959,0.7793942317400906,0.20856972748933345,0.7345167370601255,0.2898043524099443,0.6625862013582627,-0.26582257374146434,0.8798581256720543,0.513412220414991,1.038932310336239,Not At Desk
0.3448096226886756,0.9854196082709328,0.16329863864421562,0.7795973561108394,0.15735221568484747,0.7025890715959425,0.19236567246567124,1.0805826655753226,0.27908305864785005,0.8324716102722883,Not At Desk
0.2000791938284896,0.8901810123393673,-0.06657822242003128,0.4055728570294143,0.16741947257626247,0.5668931361128762,0.02377897035290337,0.8778329521773793,0.23201273864654798,1.1178701301706118,Not At Desk
0.24901171469034802,0.8450711539416242,0.2433310716065103,0.5791750323328846,0.4058667681130403,0.738635357019681,0.2005720925861819,0.7392214150439766,0.06693618509759036,1.0226834487037544,Not At Desk
0.2564614289146275,0.6646922668463735,0.019550537808795843,0.9188152176622154,0.07158821606990082,0.9964009429883944,-0.03509311019718031,0.9957587888412575,0.25070722863765227,0.9904781146623515,Not At Desk
0.11838289968287112,0.775581064089156,0.15613787630935816,0.5996718816327791,0.36112365181301886,0.6730179650292623,0.06571001269899722,0.7508475938087231,-0.08435004881929659,0.8713458356099747,Not At Desk
0.5618923132419373,0.9176906431847036,0.1471109430398408,0.7105663756187599,0.253369883921807,0.8320678672762815,-0.07712192229632672,1.0671482542003308,0.4073071973161866,1.0077278588561902,Not At Desk
0.26577136082145913,0.8029424986540985,0.25092918539502296,0.8387721200612067,0.19689389335884644,0.6639597340654648,0.11527844428929801,1.1323530227242782,0.11413393865191487,0.679871210137134,Not At Desk
0.22471412618547754,0.8076331552784027,0.17600124965556121,0.7865929796862751,0.21651966180477922,0.9734795157903123,-0.14013559677147733,0.7757254462829631,0.2845117859776429,0.6535216783268749,Not At Desk
0.17362183933518932,1.0492205248592028,0.15313297324439426,0.7846051358578026,0.06097528522411297,0.6575457887940783,0.04372054295140946,0.8523427354865649,0.4922465692505653,0.9836536591087687,Not At Desk
0.033281306459445215,0.8369757167648008,0.22473326227451776,0.92102235577819,0.48708110298525603,0.5977358712258197,-0.021628626681550717,0.7113633211628076,0.2648970211339528,0.9699537561669502,Not At Desk
0.3481001774883653,0.7886073464536216,0.1020228715117734,0.7727636988373111,0.12472856475549654,1.0634308082542159,-0.14114915406770878,0.9277110868343587,0.6035409328844459,0.9010199766839997,Not At Desk
0.17149414474977584,0.7463831865784359,0.12294124773563882,0.9559272712014795,-0.08177928669942602,0.9800150551944489,-0.11359357286752175,0.8600021506148378,0.2356133369552007,0.988282990465608,Not At Desk
-0.03971865278256212,0.8693258999122915,0.45364644349302785,0.5455238993110785,0.27845592514155937,0.6507026733305087,0.16388308092895537,0.9028721666123628,0.20377696364335357,0.9731808427306611,Not At Desk
0.4706522164680115,0.7713644312409053,0.2579636913222273,0.5560090563193254,0.10653454347729868,0.8208609416820566,0.32261740428039476,0.953342002317849,0.25304129542152687,0.8998937108135031,Not At Desk
0.012438839904542393,0.890677298953305,0.28234995934851137,0.682186450075038,0.17949367783607478,0.7898817344478073,0.03449203959391069,0.8900801078061267,0.6149582683749772,0.8629461448881005,Not At Desk
0.14624897719681668,0.7028687291547262,0.26162879572499054,0.7228163740172846,0.1525940442517861,0.9481956048409518,0.31294045067704557,0.8099364651391943,0.020019007295907554,1.0511270534755384,Not At Desk
0.09730552613599942,0.9185938398744153,-0.1455155726567753,0.8838896007448964,0.06832421060788282,0.8596146178599786,0.10214096017546512,0.7569090870905033,0.23894455306098292,1.002947768543505,Not At Desk
0.21588416796728516,0.8876619470708726,0.44646608767732276,0.5153637582433424,0.4925818862452936,0.7656533906284819,-0.03481760724846922,0.7004529561391516,0.271631941383445,1.038247516788669,Not At Desk
0.18086763194336988,1.026673239537102,-0.06767635350773382,0.7481866578230918,0.06214098333803214,0.8045447823937452,0.23303310851459505,0.836885730947842,-0.09063207849407012,0.9298422220194742,Not At Desk
0.26551078276002643,0.8606442132442547,0.3353673287733231,0.5893419480526427,0.3520324158175674,0.9288761268716963,-0.16678813760097752,0.9479477738878466,0.2243730253488493,0.8877715990347531,Not At Desk
0.2521514725307505,0.7269157153829672,0.04864378812575823,0.7551228626232037,0.08691310917057962,0.5871262306672222,0.2019059924434755,0.7276808947262017,0.3999468751363818,0.9693886939280927,Not At Desk
-0.05887100931858946,0.6983653021496518,0.3291164104571058,0.6028251703290477,0.18033936065359185,0.8193091339877845,0.21750857639238932,0.8622691670933257,0.21037347079625374,1.1133554792547762,Not At Desk
0.46083494956963683,0.9468287076172693,0.1627977213847536,0.6287601417538611,0.1254333390165152,0.8283771157898636,0.16275973313330255,1.1102397889419644,0.3975675138804209,0.6745379547360273,Not At Desk
0.3577921426584378,0.6502909059028381,0.09240430920714726,0.7875300309377542,0.5493501234675946,1.216487783400804,0.19100845887042742,0.8725205071919419,0.38017584727208253,1.0331483138810755,Not At Desk
0.15189985616642127,1.0692817033868485,0.18451061387871032,0.8246614633637092,0.3498886378081692,0.8132379915921684,0.22584107507044182,0.8074120220179616,0.2162547369080954,0.7349768650542458,Not At Desk
0.26592518459303394,0.9168404755268171,0.21866592992278286,1.0011738650021305,0.249160597175643,0.8503112483388768,-0.06375513142089714,0.8419350446288398,0.4043306636348666,1.0273653166114716,Not At Desk
0.15590495785037267,0.78926011222129,-0.07768106200212141,0.6964456198790085,0.38355747452796796,0.836280752415985,0.17509985820718144,0.907466053077144,0.3010594737942265,0.800951829078983,Not At Desk
0.30482426303038024,0.8631459416584085,0.22380282719891986,0.6710947735998629,-0.07300143798068665,0.9145729067630544,0.02817438159873939,0.7705836353935319,0.404021836787099,0.8411981040121306,Not At Desk
0.3589904576069933,0.8925508924365047,0.2525353984800716,0.5451066433199199,0.43179159780796006,0.7891875796850784,0.04460842911306954,0.9215082701013377,0.03356471506525199,0.9612979217221006,Not At Desk
0.04559427377268929,0.5970994571234699,-0.07835387793268367,0.9169032562484888,0.1556104909460817,0.9800591564874749,0.019629780542155334,0.6438963063610581,0.13252133400770114,1.0853717430010408,Not At Desk
0.1766152733094999,0.7177569055264099,0.17400273387791815,0.8252674104251317,0.41760982238536914,0.967274884483939,0.04603470313163715,0.7010928470876943,0.23798022583150857,0.939042075987433,Not At Desk
0.055436161068408374,0.6564273627657436,0.2015681822324828,0.7427021472644323,0.254919549311738,0.6362256997949896,0.0654398928691349,0.7613650283597544,0.43352976166871804,1.0552874002085628,Not At Desk
-0.07692817933571405,0.6605733709711386,-0.07447938826351186,0.6524964098389653,0.23748430453144587,0.5325532170452205,-0.038278971968796954,0.7494063941877752,0.3310900994098416,0.9104016505554375,Not At Desk
0.09173936699941201,0.8265231308209098,0.06799798731191019,0.709251733451092,0.5010178135447805,0.9510691577685522,-0.09493718553913963,1.0244598626818762,0.4217094831737388,0.7277605066871073,Not At Desk
0.3228166465632291,1.030689787761883,-0.01838172093666207,0.6123745768478605,0.40264922002652537,0.7907242966238472,0.1827214412859285,0.9510883824600745,0.35860438813922163,0.7010291807533375,Not At Desk
0.35709765599321724,0.975438498864166,0.11559138838979582,0.7434784575279206,0.020333874616641684,0.8271382134026752,0.1858086162571216,0.8906713474501033,0.4686530039805754,0.849888415353009,Not At Desk
0.28469088888404004,0.6470503491961828,0.14646717736886428,0.7238468613145747,0.28379618830614123,0.6945709606749962,0.08027911064924984,1.023907075716226,0.23448536441426737,0.6590134348891982,Not At Desk
0.4624375856308131,1.007218111803573,-0.04383940426584279,0.8534561707867792,0.17455378441729852,0.789523082299659,0.14413361935202407,0.8648388299525517,0.18243515016204054,0.7964188421525611,Not At Desk
0.06257121267781365,0.6752266687654334,0.1399232564925967,0.6426360016333872,0.352307809856893,0.9730869233003892,0.012992013794493565,0.9359106750803066,0.3749527665454401,0.9708003406378912,Not At Desk
0.21139329018741312,0.9114023627539584,0.22233734290209856,0.5643506366509053,0.38037340965839095,0.8830936255900113,-0.014492915626787228,0.9056906753171403,0.4024993489216604,0.8686029270630958,Not At Desk
0.36094670716490174,1.1545808741929042,0.03210209510475265,0.5428433095269338,0.29557278934073133,0.8582343757689215,0.06537004392328466,1.1179890994981552,0.09920913004151269,1.0039377934547418,Not At Desk
0.10912087688616601,1.0579066859310946,0.4488773029752178,0.6350015118324979,0.16756642961371299,0.8789381830469702,0.04193040253157282,0.8931883173101642,0.3038082630813615,0.6120490265703515,Not At Desk
0.19792433808586443,0.696540833890374,0.0760315766400342,0.9665448005203221,0.06152396585811157,0.8719807780121966,0.05815556045022873,0.8580359747256249,0.41855578440775665,0.9510076941853336,Not At Desk
0.28559194958292966,0.9452276990799292,0.10030374252250158,0.6581644898238375,0.0872274210163303,0.6261884205031567,0.5423641637963088,1.086701937110518,0.09733884506879678,0.7016313064884645,Not At Desk
0.27227990925777373,0.8820897196066951,0.23233257529760465,0.7117566309669453,0.23118186099956498,0.7991819286239036,0.11288395094399957,0.5671049440878697,0.26553005541372093,0.772289034860953,Not At Desk
0.22628171283627682,1.2477888503905115,0.20512224982114566,0.7029705470741403,0.38827022529658783,0.8224031830813819,0.1630141735677762,0.9910275889823507,0.6084815347244312,0.7303667347011127,Not At Desk
0.27104481152171817,0.6610428305027694,0.23332689695133724,0.6121970232770859,0.18739497795923735,0.705736512864314,0.24637250790170637,1.037768166591362,0.11314239353304231,0.9082401166499773,Not At Desk
0.09356302178762411,0.6112242633986998,0.11744744243634443,0.7037275817316271,0.6140074729518283,0.8149439738041044,-0.10664262511313558,0.8152838993743587,0.45320749431440976,1.2132664159304887,Not At Desk
-0.03789749683569371,0.5180113422291432,0.43064477630576736,0.8084421266056356,0.11975609021854502,0.8301943629183652,-0.29536216085253164,0.9005063259895741,0.3491731759264628,1.0386405209306746,Not At Desk
0.047915607156119366,0.8128530742105039,0.011186306091061915,0.7883075633511476,0.11569805164554639,0.6887848741259669,-0.04937230921853436,0.9976704362735486,0.4287676674984998,0.8648069145063879,Not At Desk
0.20573569924400426,0.5827112878049684,0.10504850279898194,0.7424693074437383,0.6431189636544963,0.5832049461338755,0.3196265858128656,1.0495288160198712,0.3420954606735204,1.16379307262927,Not At Desk
0.25581582089102944,0.8583738793501894,0.14203190204736818,0.9335353323627942,0.4144703850716326,0.6561484068755681,-0.0978870791898151,0.8695529043906515,0.17999421534035304,0.8904713138076967,Not At Desk
0.3856157202026209,0.7314047517369815,0.14357649280326376,0.7587034102212593,0.37726463233079266,0.4129665999023092,0.008994955785205497,0.931692553841921,0.48001184346402914,0.8262146328740693,Not At Desk
-0.0814829059062811,0.8929567168949205,0.05469564167615559,0.5715500011364458,0.15634819154301638,0.7223211963516226,0.009288300319268097,0.5691650914351396,0.4345599295330698,1.0912312561918083,Not At Desk
0.2977282987009259,0.6293471494362776,0.1197762699078723,0.7490218027155813,0.33981915843428656,0.8502510733077121,-0.010126069816774358,0.9122993334620341,0.36859206069228617,1.118373348322015,Not At Desk
0.30567598097370846,0.9183585031063279,0.16257399418940413,0.9615688717805255,0.3114644193939246,0.6208368134739645,0.3105054955187786,1.0046854908808542,0.23354339683072767,0.8280760548901135,Not At Desk
0.24448633177111428,0.8694777192901377,0.17959383984468097,0.7966963010164327,0.5049936061864571,0.9107314728352328,0.12859533868975365,1.0411965871151225,0.14512141447086907,0.9596890574920214,Not At Desk
0.4713959524599665,0.767293115691144,0.02285491070713727,0.6521866667110409,0.08655504439864176,0.6322857137808445,0.04442378521149566,0.6891649471232038,0.30234275009244044,1.0353415760679971,Not At Desk
0.06383657297796197,1.0278925885462653,0.2266188132791392,0.9045870878436086,0.15132481692217944,0.8781787840599924,-0.06379008505929695,1.0335371251254764,0.3257759009690297,0.9829876829977175,Not At Desk
0.023660809156272278,0.6657395236585093,0.23958423273800772,0.6077477993663699,0.31948094381486847,0.5449293290309631,0.2272261319000002,0.7151215027847236,0.38284499065192845,0.9938446400469001,Not At Desk
0.09548422723556378,0.8873039850627091,0.18906633950003338,0.6691737215710892,0.09871679738856878,0.45560614624911316,0.15244750709495405,0.6652795842956918,0.3143016299161962,0.8604827675876626,Not At Desk
0.30187141631572934,0.7546931750765205,0.10058283204793629,0.8597806056432443,0.30025870436261765,0.7974233935774168,0.17039013847127893,0.6696641815189341,0.4135183019980473,0.9918703191020404,Not At Desk
0.04749753071352544,0.7633879289488699,0.1441039068558553,0.7298254823397401,0.3000789949852802,0.9647050172746775,0.2622650091509243,0.7031671209852891,0.39331049854590727,1.0993399979303113,Not At Desk
0.2580212781033804,0.9636470637778951,0.45184056685511476,0.9035564319160472,0.2873962893462593,0.906763271112713,0.12173317496453367,0.9035854564927434,0.24728786464294011,1.1345120038248162,Not At Desk
0.07723570010869982,1.0298551587017175,0.2249796185610557,0.5401040737797088,0.30514739394871326,0.4349960238522564,0.19382620252465538,1.0327847224483486,0.21114660665219195,0.9185321543933374,Not At Desk
0.49312361506254293,0.7241379943607096,-0.008836138058490067,0.9722495103693898,0.5443880785796191,0.7505543507771771,0.25171945531125345,1.1012213873296322,0.18862736511924239,0.8272041246948197,Not At Desk
0.38463117697321025,1.0527521418062764,0.2344321290261532,0.6180278469746918,0.5480591667549162,0.6703543653282054,0.04972933282428224,0.9513506751734433,0.533124063107216,1.0280963964828336,Not At Desk
0.2622298250542866,0.8694932795177159,0.1565272002965199,0.8337209271777759,-0.12943401165414542,0.7055088811395303,0.13619829023751714,0.727347887457074,0.357948497671734,0.8693293168520818,Not At Desk
0.4633213547473235,1.0359529587822285,0.08012916463227557,0.7273743432649957,0.2389078651587411,0.6822510785760566,0.129253747604219,0.7862576896668615,0.13040769975937105,0.9934066835850404,Not At Desk
0.2944294376332716,0.6793526360510012,0.28430331461438996,0.6552633406252003,0.2879747857056972,0.8730516018918684,0.09495811529444305,0.9682111368211702,0.22253555341686423,0.8705300124857854,Not At Desk
0.16912108536794895,0.6880132480189642,0.12348387553263268,0.517707255170438,0.1763269379286843,0.7072686759945493,0.06157303712569299,0.8637753831193832,0.29073537002098065,0.9719162277129096,Not At Desk
0.3311775611198784,0.70253521597276,-0.030480128308371657,0.5936933381635345,0.17691956182076093,0.6972118023275237,-0.015499409929618582,0.7055825003625158,0.23158187587887175,0.9272139930170957,Not At Desk
0.28925441987533473,0.7163865420337518,0.08805032667848489,0.6109952536729034,0.24528412444378353,0.6227357048713777,0.18596917198618002,0.6321200262098834,0.24605554913213062,0.9451661008787613,Not At Desk
0.22757517744837566,1.2039550495970746,0.20247000368518614,0.5993918104736985,0.23568036293663905,0.48356304998003224,0.08791003760548588,0.7750415914498863,0.43730854133402425,0.8175689588106698,Not At Desk
0.18248511263071301,0.7046663237893396,0.4108277027779996,0.7018135850823133,0.5248835565218802,0.8721227643177399,0.17231000910030791,0.955309972097628,0.3590695947324377,0.6108491130981586,Not At Desk
0.15816749087738652,0.9267736956776482,0.14266542247888417,0.5392215229794637,0.2421393324133796,1.0056158274383238,0.2870337573302079,0.8906993985950953,0.442717391558713,0.8450239469447922,Not At Desk
-0.055580738024007814,0.6613301017805668,0.38443331527622965,0.7089010377256044,0.21349240309374728,0.7050242705587679,0.385620488435951,1.1438938373043095,0.6328170350172201,0.8761432184399923,Not At Desk
0.24434367331206427,0.5725036175868814,0.37154016391774114,0.5748330673098098,0.28251633456439434,0.5854046208550734,0.0116699759891956,0.774410635342545,0.2088187108986273,0.8191315945276533,Not At Desk
0.11775968076123845,0.9250000867670461,-0.015729418959378016,0.78308121405208,0.4326938728458337,0.6730205453229906,-0.007687833612140274,0.8654213062229624,0.4769587812541065,0.9291161446430036,Not At Desk
0.12031785580886024,0.872581497678206,-0.015343822475463509,0.8522039265664422,0.3112910961552651,0.7038287293291674,-0.025787869767084637,0.7669978616574814,0.3802226004518865,1.0843470753733593,Not At Desk
0.1044038379456808,0.8687580055327226,-0.1630540527903103,0.66230734040142,0.2453411600693647,0.6135474874527249,-0.040475956218439385,0.7998330665296671,0.343828909248956,0.8719006472390438,Not At Desk
-0.1357346849987458,0.4818949771047401,0.05897022332142368,0.8186529879080328,-0.1621257264087852,0.6750404735772554,0.021062821522386838,1.1082506667312673,0.24224672824307045,0.9574483477111393,Not At Desk
0.2211885710131195,0.48041502802891994,0.2652310824947606,0.7823094758184432,0.3262402959511884,1.3389356559654488,-0.21261694092478825,1.1587044974641663,0.25688287208994665,0.9430993356604515,Not At Desk
0.19317316320481367,0.7363645499902935,0.06452506076418618,0.7994263103359514,0.022423945499248144,0.8625868751282648,0.037570839267211914,0.7304895991439464,0.23249807130062794,1.088572382529386,Not At Desk
0.11969973694756654,0.8537680427314431,0.04035655864267901,0.8636882774885429,0.35282616081853063,1.0272913249944617,0.07366540817511769,1.000298220713686,0.31471013093084166,1.094380767279452,Not At Desk
0.09217514185869045,0.9117507969315922,0.12079540558249774,0.7403717734337253,0.26376287266725595,0.7878360594640016,0.08256564353170628,0.932206977475579,0.5367177086343277,1.0478174528422828,Not At Desk
0.3303731888745345,0.7316690710964194,0.01661387576575135,0.8932950837356629,0.38140701887946915,0.9709006013626473,0.009402906104615583,0.865567701695948,0.054077375621184864,0.8411293340908691,Not At Desk
0.3494855765869171,0.7300256931157704,0.24607196928012354,0.7214245341003283,0.29860855423323407,0.5778462915276499,0.11278141744508516,0.45132960436489156,0.2719655762757023,0.655429013442729,Not At Desk
0.3808991774820224,0.9166111029146767,0.22000064729491214,0.978150934073907,0.10766252187627443,1.0121044796873337,0.2398287346390577,0.8645167069171581,0.4703430220774416,0.7340559731382549,Not At Desk
0.07632287577084898,0.708711541514045,0.07065334379039771,0.5915163535859621,0.4334624600642988,0.7111718399445253,0.15287574525353193,0.814447295037948,0.026909504917722427,0.9405086037587134,Not At Desk
-0.0868382463129665,0.7897048930871797,-0.05524725582492157,1.0480913998846213,0.3867044083262082,0.7658630686907221,0.2895560016482003,0.7730526033801397,0.38152190680051395,0.9299715650578071,Not At Desk
0.2396030122000505,0.9908530250160152,0.2598738154169703,0.7933085494237535,0.0017668845657555776,0.6059930557080805,0.08159365996064138,0.9140058561414977,0.13046944129891141,1.261751501336763,Not At Desk
0.4274591082880359,0.8903177480588725,0.16080552919256172,0.7181686545148273,0.10721223099666466,0.7616220777778294,0.1386628810214126,0.7137359136777564,0.35012646258673463,0.8767111426762877,Not At Desk
